state_code,state,district_number,district_code,dem_candidate,rep_candidate,dem_votes,rep_votes,dem_per,rep_per,winner
AL,Alabama,01,AL01,Vivian Sheffield Beckerle,Josiah Robins Bonner,52770.0,112944.0,31.819634469160217,68.10378615661989,Republican
AL,Alabama,02,AL02,Charles D James,Terry Everett,54450.0,124302.0,30.432765664909823,69.47389600880845,Republican
AL,Alabama,03,AL03,Greg A. Pierce,Mike Rogers,63559.0,98257.0,38.45046309459713,59.44126169835633,Republican
AL,Alabama,04,AL04,Barbara Bobo,Robert B. Aderholt,54382.0,128484.0,29.70525257822059,70.18222338751966,Republican
AL,Alabama,05,AL05,Robert E. Cramer,None,143015.0,0.0,98.25495517158464,0.0,Democrat
AL,Alabama,06,AL06,None,Spencer Bachus,0.0,163514.0,0.0,98.32471437161756,Republican
AL,Alabama,07,AL07,Artur Davis,None,133870.0,0.0,99.04264449113668,0.0,Democrat
AK,Alaska,01,AK01,Diane Benson,Don Young,93879.0,132743.0,40.00894968995717,56.5718425706919,Republican
AZ,Arizona,01,AZ01,Ellen S. Simon,Richard Renzi,88691.0,105646.0,43.44637722336252,51.75199251490405,Republican
AZ,Arizona,02,AZ02,John A. Thrasher,Trent Franks,89671.0,135150.0,38.8926960444136,58.61814712005552,Republican
AZ,Arizona,03,AZ03,Herb Paine,John B. Shadegg,72586.0,112519.0,38.23354350036081,59.26762848368967,Republican
AZ,Arizona,04,AZ04,Ed Pastor,Don J. Karg,56464.0,18627.0,72.51897612411862,23.923401959902904,Democrat
AZ,Arizona,05,AZ05,Harry E. Mitchell,J.D. Hayworth,101838.0,93815.0,50.41235582396912,46.44077025889807,Democrat
AZ,Arizona,06,AZ06,None,Jeff Flake,0.0,152201.0,0.0,74.79679191688862,Republican
AZ,Arizona,07,AZ07,Raúl Grijalva,Ron Drake,80354.0,46498.0,61.09408857631629,35.35297471963505,Democrat
AZ,Arizona,08,AZ08,Gabrielle Giffords,Randy J. Graf,137655.0,106790.0,54.25469020967997,42.08970518682011,Democrat
AR,Arkansas,01,AR01,Robert Marion Berry,Mickey D. Stumbaugh,127577.0,56611.0,69.26455577996396,30.73544422003605,Democrat
AR,Arkansas,02,AR02,Victor F. Snyder,Andy Mayberry,124871.0,81432.0,60.52796129964179,39.47203870035821,Democrat
AR,Arkansas,03,AR03,Woodrow Anderson,John Boozman,75885.0,125039.0,37.76801178555076,62.23198821444924,Republican
AR,Arkansas,04,AR04,Michael Avery Ross,Joe C. Ross,128236.0,43360.0,74.73134571901443,25.26865428098557,Democrat
CA,California,01,CA01,Mike Thompson,John W. Jones,144409.0,63194.0,66.22929317018583,28.982223771348902,Democrat
CA,California,10,CA10,Ellen O. Tauscher,Darcy Pearl Linn,130859.0,66069.0,66.43330727289342,33.541309181736025,Democrat
CA,California,11,CA11,Jerry McNerney,Richard W. Pombo,109868.0,96396.0,53.26571772097894,46.73428227902106,Democrat
CA,California,12,CA12,Tom Lantos,Michael J. Moloney,138650.0,43674.0,76.04594019437924,23.95405980562077,Democrat
CA,California,13,CA13,Fortney H. Stark,George I. Bruno,110756.0,37141.0,74.88725261499557,25.11274738500443,Democrat
CA,California,14,CA14,Anna G. Eshoo,Thomas Robinson Smith,141153.0,48097.0,71.08296613370263,24.22107516051869,Democrat
CA,California,15,CA15,Michael M. Honda,Raymond L. Chukwu,115532.0,44186.0,72.33499042061634,27.665009579383664,Democrat
CA,California,16,CA16,Zoe Lofgren,Charel Winston,98929.0,37130.0,72.71036829610684,27.289631703893164,Democrat
CA,California,17,CA17,Sam Farr,Anthony R. De Maio,120750.0,35932.0,75.80370763310378,22.55717451488766,Democrat
CA,California,18,CA18,Dennis A. Cardoza,John A. Kanno,71182.0,37531.0,65.47698987241635,34.52301012758364,Democrat
CA,California,19,CA19,TJ Cox,George P. Radanovich,71748.0,110246.0,39.42327769047331,60.57672230952669,Republican
CA,California,02,CA02,Arjinderpal Singh Sekhon,Walter Herger,68234.0,134911.0,32.46115641145184,64.18159674979306,Republican
CA,California,20,CA20,Jim Costa,None,61120.0,0.0,100.0,0.0,Democrat
CA,California,21,CA21,Ernest Steven Haze,Devin Nunes,42718.0,95214.0,29.94371271756121,66.7414359916165,Republican
CA,California,22,CA22,Sharon M. Beery,Kevin McCarthy,55226.0,133278.0,29.296991045282866,70.70300895471713,Republican
CA,California,23,CA23,Lois Capps,Victor D. Tognazzini,114661.0,61272.0,65.17310567090881,34.82689432909119,Democrat
CA,California,24,CA24,Jill M. Martinez,Elton W. Gallegly,79461.0,129812.0,37.9665730176022,62.024348756760894,Republican
CA,California,25,CA25,Robert Rodriguez,"Howard P. ""Buck"" McKeon",55913.0,93987.0,35.66494230511631,59.9510119727249,Republican
CA,California,26,CA26,Cynthia Rodriguez Matthews,David T. Dreier,67878.0,102028.0,37.89018889831644,56.95306569017104,Republican
CA,California,27,CA27,Brad Sherman,Peter Hankwitz,92650.0,42074.0,68.77022653721683,31.22977346278317,Democrat
CA,California,28,CA28,Howard L. Berman,Stanley Kimmel Kesselman,79866.0,20629.0,73.92125284611541,19.09350067566317,Democrat
CA,California,29,CA29,Adam B. Schiff,William J. Bodell,91014.0,39321.0,63.47348820341867,27.42260563920524,Democrat
CA,California,03,CA03,William E. Durston,Dan Lungren,86318.0,135709.0,37.830730730292025,59.47740490601264,Republican
CA,California,30,CA30,Henry A. Waxman,David Nelson Jones,151284.0,55904.0,71.45002692057015,26.40293953734403,Democrat
CA,California,31,CA31,Xavier Becerra,None,64952.0,0.0,100.0,0.0,Democrat
CA,California,32,CA32,Hilda L. Solis,None,76059.0,0.0,82.95595837968719,0.0,Democrat
CA,California,33,CA33,Diane E. Watson,None,113715.0,0.0,100.0,0.0,Democrat
CA,California,34,CA34,Lucille Roybal-Allard,Wayne Miller,57459.0,17359.0,76.79733757468023,23.201325866424305,Democrat
CA,California,35,CA35,Maxine Waters,None,82498.0,0.0,83.74921324589366,0.0,Democrat
CA,California,36,CA36,Jane Harman,Brian Gibson,105323.0,53068.0,63.3891654077868,31.939236727594444,Democrat
CA,California,37,CA37,Juanita Millender-McDonald,None,80716.0,0.0,82.3952144709173,0.0,Democrat
CA,California,38,CA38,Grace F. Napolitano,Sidney W. Street,75181.0,24620.0,75.33090850793079,24.669091492069217,Democrat
CA,California,39,CA39,Linda T. Sánchez,James L. Andion,72149.0,37384.0,65.86964659052524,34.13035340947477,Democrat
CA,California,04,CA04,Charles Duane Brown,John T. Doolittle,126999.0,135818.0,45.86573152806319,49.05071634169156,Republican
CA,California,40,CA40,Florice Orea Hoffman,Edward R. Royce,46418.0,100995.0,30.681675468804738,66.75634051385097,Republican
CA,California,41,CA41,Louie A. Contreras,Jerry Lewis,54235.0,109761.0,33.061251859257275,66.90948769842238,Republican
CA,California,42,CA42,None,Gary G. Miller,0.0,129720.0,0.0,100.0,Republican
CA,California,43,CA43,Joe Baca,Scott L. Folkens,52791.0,29069.0,64.4893720987051,35.510627901294896,Democrat
CA,California,44,CA44,Louis Vandenberg,Ken Calvert,55275.0,89555.0,37.01880575423933,59.976827667497126,Republican
CA,California,45,CA45,David Roth,Mary Whitaker Bono Mack,64613.0,99638.0,39.3379644568374,60.6620355431626,Republican
CA,California,46,CA46,Jim D. Brandt,Dana Rohrabacher,71573.0,116176.0,36.694317412792486,59.56155281668478,Republican
CA,California,47,CA47,Loretta Sanchez,Tan D. Nguyen,47134.0,28485.0,62.33089567436755,37.669104325632446,Democrat
CA,California,48,CA48,Steve R. Young,John Campbell,74647.0,120130.0,37.225411041904586,59.90714467378457,Republican
CA,California,49,CA49,Jeeni Criscenzo,Darrell E. Issa,52227.0,98831.0,33.44947065717927,63.29761683649616,Republican
CA,California,05,CA05,Doris Matsui,Xiaochin Claire Yan,105676.0,35106.0,70.79710047834068,23.519086731070708,Democrat
CA,California,50,CA50,Francine P. Busby,Brian P. Bilbray,96612.0,118018.0,43.498932922711184,53.13684703424553,Republican
CA,California,51,CA51,Bob Filner,Blake Linden Miles,78114.0,34931.0,67.43324786988838,30.154783794749605,Democrat
CA,California,52,CA52,John Rinaldi,Duncan Hunter,61208.0,123696.0,31.984281675715504,64.63742821460112,Republican
CA,California,53,CA53,Susan A. Davis,John Woodrum,97541.0,43312.0,67.55525081897954,29.997160409178115,Democrat
CA,California,06,CA06,Lynn C. Woolsey,Todd Lewis Hooper,173190.0,64405.0,70.22317011855912,26.114228716934008,Democrat
CA,California,07,CA07,George Miller,None,118000.0,0.0,83.99413464686873,0.0,Democrat
CA,California,08,CA08,Nancy Pelosi,Mike A. DeNunzio,148435.0,19800.0,80.3920081889525,10.72362826921723,Democrat
CA,California,09,CA09,Barbara Lee,John den Dulk,167245.0,20786.0,86.3485228669083,10.731803021385128,Democrat
CO,Colorado,01,CO01,Diana DeGette,None,129446.0,0.0,79.77149336603583,0.0,Democrat
CO,Colorado,02,CO02,Mark Udall,Rich Mancuso,157850.0,65481.0,68.24263857124947,28.309130290047424,Democrat
CO,Colorado,03,CO03,John T. Salazar,Scott Tipton,146488.0,86930.0,61.58632461384524,36.547015446190585,Democrat
CO,Colorado,04,CO04,Angie Paccione,Marilyn N. Musgrave,103748.0,109732.0,43.11820225839834,45.605183427329365,Republican
CO,Colorado,05,CO05,Jay Fawcett,Doug Lamborn,83431.0,123264.0,40.35239606105748,59.618100562982455,Republican
CO,Colorado,06,CO06,Bill Winter,Tom Tancredo,108007.0,158806.0,39.865131712502446,58.6149240950648,Republican
CO,Colorado,07,CO07,Ed Perlmutter,Rick O'Donnell,103918.0,79571.0,54.93307677669,42.06277884676379,Democrat
CT,Connecticut,01,CT01,John B. Larson,Scott MacLean,154539.0,53010.0,74.44362017804154,25.53566611430113,Democrat
CT,Connecticut,02,CT02,Joe Courtney,Robert R. Simmons,121248.0,121165.0,50.01711954391885,49.98288045608116,Democrat
CT,Connecticut,03,CT03,Rosa L. DeLauro,Joseph Vollano,150436.0,44386.0,76.01194476305005,22.42725265397073,Democrat
CT,Connecticut,04,CT04,Diane Farrell,Christopher H. Shays,99450.0,106510.0,47.5794066568111,50.9570900253087,Republican
CT,Connecticut,05,CT05,Christopher S. Murphy,Nancy L. Johnson,122980.0,94824.0,56.46360948375604,43.53639051624396,Democrat
DE,Delaware,01,DE01,Dennis R. Spivack,Michael N. Castle,97565.0,143897.0,38.76333961079724,57.17140654922247,Republican
FL,Florida,01,FL01,Joe B. Roberts,Jeff Miller,62340.0,135786.0,31.4648254141304,68.5351745858696,Republican
FL,Florida,10,FL10,Samm Simpson,Bill Young,67950.0,131488.0,34.069542981774426,65.92694727869839,Republican
FL,Florida,11,FL11,Kathy Castor,Eddie Adams,97470.0,42454.0,69.65028368895685,30.33685383944777,Democrat
FL,Florida,12,FL12,None,Adam H. Putnam,0.0,124452.0,0.0,69.11542562644392,Republican
FL,Florida,13,FL13,Christine L. Jennings,Vern Buchanan,118940.0,119309.0,49.92256001074506,50.07743998925493,Republican
FL,Florida,14,FL14,Robert M. Neeld,Connie Mack,83920.0,151615.0,35.628919202340164,64.36938256509538,Republican
FL,Florida,15,FL15,Robert M. Bowman,David J. Weldon,97834.0,125965.0,43.71511937050657,56.28488062949343,Republican
FL,Florida,16,FL16,Tim Mahoney,Joe Negron,115832.0,111415.0,49.54892138955312,47.65948163389271,Democrat
FL,Florida,17,FL17,Kendrick B. Meek,None,90663.0,0.0,99.97463776106564,0.0,Democrat
FL,Florida,18,FL18,David Y. Patlak,Ileana Ros-Lehtinen,48499.0,79631.0,37.85081010208223,62.14762900758593,Republican
FL,Florida,19,FL19,Robert Wexler,None,0.0,0.0,0.0,0.0,Republican
FL,Florida,02,FL02,Allen Boyd,None,0.0,0.0,0.0,0.0,Republican
FL,Florida,20,FL20,Debbie Wasserman Schultz,None,0.0,0.0,0.0,0.0,Republican
FL,Florida,21,FL21,Frank J. Gonzalez,Lincoln Diaz-Balart,45522.0,66784.0,40.53389845600413,59.46610154399586,Republican
FL,Florida,22,FL22,Ron Klein,E. Clay Shaw,108688.0,100663.0,50.88270405655299,47.12576952786686,Democrat
FL,Florida,23,FL23,Alcee Hastings,None,0.0,0.0,0.0,0.0,Republican
FL,Florida,24,FL24,Clint Curtis,Tom Feeney,89863.0,123795.0,42.05927229497608,57.94072770502392,Republican
FL,Florida,25,FL25,Michael Hanley Calderin,Mario Diaz-Balart,43168.0,60765.0,41.5344500784159,58.46554992158409,Republican
FL,Florida,03,FL03,Corrine Brown,None,0.0,0.0,0.0,0.0,Republican
FL,Florida,04,FL04,Robert J. Harms,Ander Crenshaw,61704.0,141759.0,30.32450523149809,69.66763154920163,Republican
FL,Florida,05,FL05,John T. Russell,Virginia Brown-Waite,108959.0,162421.0,40.14997420591053,59.85002579408947,Republican
FL,Florida,06,FL06,David E. Bruderly,Clifford Bundy Stearns,91528.0,136601.0,40.12115951939473,59.87884048060527,Republican
FL,Florida,07,FL07,John F. Chagnon,John L. Mica,87584.0,149656.0,36.91788905749452,63.08211094250547,Republican
FL,Florida,08,FL08,Charlie Stuart,Richard Keller,82526.0,95258.0,45.73496486444547,52.790893573629496,Republican
FL,Florida,09,FL09,Phyllis Busansky,Gus Michael Bilirakis,96978.0,123016.0,44.07830446382714,55.91305968283692,Republican
GA,Georgia,01,GA01,Jim Nelson,Jack Kingston,43668.0,94961.0,31.499902617778385,68.50009738222161,Republican
GA,Georgia,10,GA10,R. Terry Holley,Charles W. Norwood,57032.0,117721.0,32.63577735432296,67.36422264567705,Republican
GA,Georgia,11,GA11,Patrick Samuel Pillion,Phil Gingrey,48261.0,118524.0,28.936055400665527,71.06394459933448,Republican
GA,Georgia,12,GA12,John Barrow,Max Burns,71651.0,70787.0,50.30328985242703,49.69671014757298,Democrat
GA,Georgia,13,GA13,David Scott,Deborah Ann Honeycutt,103019.0,45770.0,69.23831734872874,30.761682651271265,Democrat
GA,Georgia,02,GA02,Sanford Bishop,Bradley C. Hughes,88662.0,41967.0,67.87313689915716,32.12686310084285,Democrat
GA,Georgia,03,GA03,Mike McGraw,Lynn A. Westmoreland,62371.0,130428.0,32.3502715263046,67.6497284736954,Republican
GA,Georgia,04,GA04,"Henry ""Hank"" Johnson Jr.",Catherine Davis,106352.0,34778.0,75.35747183447884,24.642528165521156,Democrat
GA,Georgia,05,GA05,John Lewis,None,122380.0,0.0,100.0,0.0,Democrat
GA,Georgia,06,GA06,Steve Sinton,Tom Price,55294.0,144958.0,27.612208617142404,72.3877913828576,Republican
GA,Georgia,07,GA07,Allan Burns,John Linder,53553.0,130561.0,29.08687009135644,70.91312990864355,Republican
GA,Georgia,08,GA08,James Marshall,Michael Allen Collins,80660.0,78908.0,50.54898225208062,49.45101774791939,Democrat
GA,Georgia,09,GA09,John D. Bradbury,J. Nathan Deal,39240.0,128685.0,23.36757481018312,76.63242518981687,Republican
HI,Hawaii,01,HI01,Neil Abercrombie,Richard A. Hough,112904.0,49890.0,69.35390739216433,30.64609260783567,Democrat
HI,Hawaii,02,HI02,Mazie K. Hirono,Bob Hogue,106906.0,68244.0,61.036825578075934,38.96317442192407,Democrat
ID,Idaho,01,ID01,Larry Grant,William T. Sali,103935.0,115843.0,45.3682363417317,50.56614809770748,Republican
ID,Idaho,02,ID02,Jim Hansen,Mike Simpson,73441.0,132262.0,33.96681065980927,61.17180201097061,Republican
IL,Illinois,01,IL01,Bobby Rush,Jason E. Tabour,146623.0,27804.0,84.0598072546108,15.94019274538919,Democrat
IL,Illinois,10,IL10,Daniel J. Seals,Mark Kirk,94278.0,107929.0,46.62426808039247,53.37523737933218,Republican
IL,Illinois,11,IL11,John J. Pavich,Gerald C. Weller,88846.0,109009.0,44.90460185489373,55.095398145106266,Republican
IL,Illinois,12,IL12,Jerry F. Costello,None,157284.0,0.0,99.99554965001175,0.0,Democrat
IL,Illinois,13,IL13,Joseph Shannon,Judy Biggert,85507.0,119720.0,41.66317471763938,58.333414541450246,Republican
IL,Illinois,14,IL14,Jonathan Laesch,J. Dennis Hastert,79274.0,117870.0,40.2112161668628,59.7887838331372,Republican
IL,Illinois,15,IL15,David M. Gill,Timothy V. Johnson,86025.0,116810.0,42.41131954544334,57.58868045455666,Republican
IL,Illinois,16,IL16,Richard D. Auman,Donald A. Manzullo,63462.0,125508.0,32.133797147240664,63.55060685695189,Republican
IL,Illinois,17,IL17,Philip G. Hare,Andrea Lane Zinga,115025.0,86161.0,57.17346137405187,42.82653862594813,Democrat
IL,Illinois,18,IL18,Steve J. Waterworth,Ray H. LaHood,73052.0,150194.0,32.72264676634744,67.27735323365256,Republican
IL,Illinois,19,IL19,Danny L. Stover,John Shimkus,92861.0,143491.0,39.289280395342544,60.710719604657456,Republican
IL,Illinois,02,IL02,Jesse Louis Jackson,Robert J. Belin,146347.0,20395.0,84.84375905849615,11.823873847759293,Democrat
IL,Illinois,03,IL03,Daniel Lipinski,Raymond G. Wardingley,127768.0,37954.0,77.09779027528029,22.90220972471971,Democrat
IL,Illinois,04,IL04,Luis V. Gutiérrez,Ann L. Melichar,69910.0,11532.0,85.84022985683063,14.159770143169371,Democrat
IL,Illinois,05,IL05,Rahm Emanuel,Kevin Edward White,114319.0,32250.0,77.99032616778436,22.00148723231524,Democrat
IL,Illinois,06,IL06,Tammy Duckworth,Peter J. Roskam,86572.0,91382.0,48.64770703035003,51.3506071691476,Republican
IL,Illinois,07,IL07,Danny K. Davis,Charles Hutchinson,143071.0,21939.0,86.70391670858307,13.295477271212222,Democrat
IL,Illinois,08,IL08,Melissa Bean,David McSweeney,93355.0,80720.0,50.90406447321069,44.01452610227161,Democrat
IL,Illinois,09,IL09,Janice D. Schakowsky,Michael P. Shannon,122852.0,41858.0,74.58549112699059,25.41268752314632,Democrat
IN,Indiana,01,IN01,Peter J. Visclosky,Mark Leyva,104195.0,40146.0,69.64580534333287,26.834305881409293,Democrat
IN,Indiana,02,IN02,Joe Donnelly,Chris Chocola,103561.0,88300.0,53.97709800324193,46.02290199675807,Democrat
IN,Indiana,03,IN03,Thomas E. Hayhurst,Mark Edward Souder,80357.0,95421.0,45.71504966491825,54.28495033508175,Republican
IN,Indiana,04,IN04,David A. Sanders,Stephen E. Buyer,66986.0,111057.0,37.62349544772892,62.376504552271086,Republican
IN,Indiana,05,IN05,Katherine Fox Carr,Dan L. Burton,64362.0,133118.0,31.40697509869272,64.9581074420897,Republican
IN,Indiana,06,IN06,Barry A. Welsh,Mike Pence,76812.0,115266.0,39.99000406085028,60.00999593914972,Republican
IN,Indiana,07,IN07,Julia M. Carson,Eric Dickerson,74750.0,64304.0,53.75609475455578,46.24390524544422,Democrat
IN,Indiana,08,IN08,Brad Ellsworth,John Nathan Hostettler,131019.0,83704.0,61.01768324771916,38.982316752280845,Democrat
IN,Indiana,09,IN09,Baron P. Hill,Mike Sodrel,110454.0,100469.0,50.013357542936575,45.49216885745464,Democrat
IA,Iowa,01,IA01,Bruce L. Braley,Mike Whalen,114322.0,89729.0,55.10078176963341,43.24747684091808,Democrat
IA,Iowa,02,IA02,Dave Loebsack,James A. Leach,107683.0,101707.0,51.42700224461532,48.57299775538469,Democrat
IA,Iowa,03,IA03,Leonard L. Boswell,Jeff Lamberti,115769.0,103722.0,51.895267211160025,46.495010803202405,Democrat
IA,Iowa,04,IA04,Selden E. Spencer,Tom Latham,90982.0,121650.0,42.78847962677302,57.21152037322699,Republican
IA,Iowa,05,IA05,E. Joyce Schulte,Steve King,64181.0,105580.0,35.57724821091026,58.52582331387646,Republican
KS,Kansas,01,KS01,John Doll,Jerry Moran,39781.0,156728.0,19.952552438082435,78.60847234900541,Republican
KS,Kansas,02,KS02,Nancy Boyda,Jim R. Ryun,114139.0,106329.0,50.60205176403827,47.13958911518784,Democrat
KS,Kansas,03,KS03,Dennis Moore,Chuck Ahner,153105.0,79824.0,64.60671786648662,33.68385517765212,Democrat
KS,Kansas,04,KS04,Garth McGinn,Todd Tiahrt,62166.0,116386.0,33.93210958096579,63.527048638971216,Republican
KY,Kentucky,01,KY01,Thomas J. Barlow,Ed Whitfield,83865.0,123618.0,40.42017900261708,59.57982099738292,Republican
KY,Kentucky,02,KY02,John Michael Weaver,Ron Lewis,95415.0,118548.0,44.59415880315756,55.405841196842445,Republican
KY,Kentucky,03,KY03,John Yarmuth,Anne Meagher Northup,122489.0,116568.0,50.62261070816027,48.17556258136507,Democrat
KY,Kentucky,04,KY04,Kenneth R. Lucas,Geoff Davis,88822.0,105845.0,43.37710666269467,51.6904579351165,Republican
KY,Kentucky,05,KY05,Kenneth Stepp,Hal Rogers,52367.0,147201.0,26.24017878617814,73.75982121382185,Republican
KY,Kentucky,06,KY06,Albert Ben Chandler,None,158765.0,0.0,85.45860695446227,0.0,Democrat
LA,Louisiana,01,LA01,Stacey Tallitsch,Piyush Amrit Jindal,5025.0,130508.0,3.3923363577446533,88.1048822639879,Republican
LA,Louisiana,02,LA02,Karen Carter Peterson,Lawrence William von Uhde,27011.0,258.0,43.45119361688437,0.2743921893944228,Democrat
LA,Louisiana,03,LA03,Charlie Melancon,Craig F. Romero,75023.0,54950.0,55.03003718890055,40.306313310985765,Democrat
LA,Louisiana,04,LA04,Patti Cox,Chester T. Kelley,17788.0,16649.0,13.247735938989514,12.39945781696854,Democrat
LA,Louisiana,05,LA05,Gloria Williams Hearn,Rodney M. Alexander,33233.0,78211.0,29.00368295194708,68.25766699830689,Republican
LA,Louisiana,06,LA06,None,Richard Hugh Baker,0.0,94658.0,0.0,82.81105103844068,Republican
LA,Louisiana,07,LA07,Mike Stagg,Charles W. Boustany Jr.,47133.0,113720.0,29.30190919659565,70.69809080340434,Republican
ME,Maine,01,ME01,Thomas H. Allen,Darlene J. Curley,170949.0,88009.0,60.83875766494536,31.3213778573386,Democrat
ME,Maine,02,ME02,Michael H. Michaud,Laurence Scott D'Amboise,179772.0,75156.0,70.51873470156279,29.481265298437204,Democrat
MD,Maryland,01,MD01,Jim Corwin,Wayne T. Gilchrest,83738.0,185177.0,31.112366104768025,68.80143564669122,Republican
MD,Maryland,02,MD02,C.A. Dutch Ruppersberger,Jimmy Mathis,135818.0,60195.0,69.21438326844283,30.676050308824426,Democrat
MD,Maryland,03,MD03,John Sarbanes,John D. White,150142.0,79174.0,64.03026193461443,33.76491560263726,Democrat
MD,Maryland,04,MD04,Albert R. Wynn,Michael Moshe Starkman,141897.0,32792.0,80.66775438736121,18.64209251689852,Democrat
MD,Maryland,05,MD05,Steny Hoyer,None,168114.0,0.0,82.68321832748877,0.0,Democrat
MD,Maryland,06,MD06,Andrew J. Duck,Roscoe G. Bartlett,92030.0,141200.0,38.433429524791926,58.96773061936999,Republican
MD,Maryland,07,MD07,Elijah Cummings,None,158830.0,0.0,98.05713156806212,0.0,Democrat
MD,Maryland,08,MD08,Chris Van Hollen,Jeffrey M. Stein,168872.0,48324.0,76.52173913043478,21.897274395631783,Democrat
MA,Massachusetts,01,MA01,John W. Olver,None,158057.0,0.0,71.86630413036757,0.0,Democrat
MA,Massachusetts,10,MA10,William D. Delahunt,Jeffrey K. Beatty,171812.0,78439.0,62.07686443403077,28.34055344993912,Democrat
MA,Massachusetts,02,MA02,Richard E. Neal,None,164939.0,0.0,76.73758601277572,0.0,Democrat
MA,Massachusetts,03,MA03,James P. McGovern,None,166973.0,0.0,77.62539458208005,0.0,Democrat
MA,Massachusetts,04,MA04,Barney Frank,None,176513.0,0.0,77.7885013705633,0.0,Democrat
MA,Massachusetts,05,MA05,Martin T. Meehan,None,159120.0,0.0,73.3840023612751,0.0,Democrat
MA,Massachusetts,06,MA06,John F. Tierney,Richard W. Barton,168056.0,72997.0,66.35081568515973,28.82021762132626,Democrat
MA,Massachusetts,07,MA07,Edward J. Markey,None,171902.0,0.0,76.01910405518949,0.0,Democrat
MA,Massachusetts,08,MA08,Michael Capuano,None,125515.0,0.0,78.72981025560608,0.0,Democrat
MA,Massachusetts,09,MA09,Stephen F. Lynch,Jack E. Robinson,169420.0,47114.0,72.24579433274344,20.09082961983753,Democrat
MI,Michigan,01,MI01,Bart T. Stupak,Don Hooper,180448.0,72753.0,69.4225686442732,27.989781746413417,Democrat
MI,Michigan,10,MI10,Robert H. Denison,Candice S. Miller,84689.0,179072.0,31.317464250187676,66.21970926814116,Republican
MI,Michigan,11,MI11,Tony J. Trupiano,Thaddeus McCotter,114248.0,143658.0,42.98528128104024,54.050657676910575,Republican
MI,Michigan,12,MI12,Sander M. Levin,Randell J. Shafer,168494.0,62689.0,70.78419922785763,26.335600468830737,Democrat
MI,Michigan,13,MI13,Carolyn Cheeks Kilpatrick,None,126308.0,0.0,99.98812567782588,0.0,Democrat
MI,Michigan,14,MI14,John Conyers Jr.,Chad Miles,158755.0,27367.0,85.29620356540335,14.703796434596663,Democrat
MI,Michigan,15,MI15,John D. Dingell,None,181946.0,0.0,87.95270413983796,0.0,Democrat
MI,Michigan,02,MI02,Kimon Kotos,Pete Hoekstra,86950.0,183006.0,31.572946396798766,66.45242815747619,Republican
MI,Michigan,03,MI03,James R. Rinck,Vernon J. Ehlers,93846.0,171212.0,34.58459860255314,63.095904950028,Republican
MI,Michigan,04,MI04,Michael R. Huckleberry,Dave Camp,100260.0,160041.0,37.94206134458552,60.565384397055766,Republican
MI,Michigan,05,MI05,Dale E. Kildee,Eric J. Klammer,176171.0,60967.0,72.89100545738152,25.225184222829977,Democrat
MI,Michigan,06,MI06,Kim Clark,Fred Upton,88978.0,142125.0,37.93028480324661,60.58623173887281,Republican
MI,Michigan,07,MI07,Sharon Marie Renier,Tim Walberg,112665.0,122348.0,45.98083468693118,49.93266020748818,Republican
MI,Michigan,08,MI08,Jim Marcinkowski,Mike Rogers,122107.0,157237.0,42.92423480776599,55.273472515651854,Republican
MI,Michigan,09,MI09,Nancy Skinner,Joseph K. Knollenberg,127620.0,142390.0,46.208994134260266,51.55695560866101,Republican
MN,Minnesota,01,MN01,Tim Walz,Gilbert W. Gutknecht,141556.0,126486.0,52.73655936010968,47.12224453377344,Democrat
MN,Minnesota,02,MN02,Coleen Rowley,John Kline,116343.0,163269.0,40.04371170923109,56.19501617677428,Republican
MN,Minnesota,03,MN03,Wendy Wilde,James M. Ramstad,99588.0,184333.0,35.03609574872293,64.85026948677897,Republican
MN,Minnesota,04,MN04,Betty McCollum,Obi Sium,172096.0,74797.0,69.54329079550322,30.22516224451036,Democrat
MN,Minnesota,05,MN05,Keith Ellison,Alan Fine,136060.0,52263.0,55.5562360915457,21.340111471795183,Democrat
MN,Minnesota,06,MN06,Patty Wetterling,Michele Bachmann,127144.0,151248.0,42.07447019736058,50.0509616530107,Republican
MN,Minnesota,07,MN07,Collin Peterson,Michael J. Barrett,179164.0,74557.0,69.66103408322122,28.988623373795654,Democrat
MN,Minnesota,08,MN08,James L. Oberstar,Rod Grams,180670.0,97683.0,63.61261337389443,34.3934848740916,Democrat
MS,Mississippi,01,MS01,James K. Hurt,Roger F. Wicker,49174.0,95098.0,34.084229788177886,65.9157702118221,Republican
MS,Mississippi,02,MS02,Bennie G. Thompson,Yvonne R. Brown,100160.0,55672.0,64.27434673237846,35.725653267621546,Democrat
MS,Mississippi,03,MS03,None,Charles W. Pickering,0.0,125421.0,0.0,77.66968045578399,Republican
MS,Mississippi,04,MS04,Gene Taylor,Randy McDonnell,110996.0,28117.0,79.78837348055178,20.211626519448217,Democrat
MO,Missouri,01,MO01,William Lacy Clay,Mark J. Byrne,141574.0,47893.0,72.88799649908616,24.65724508971092,Democrat
MO,Missouri,02,MO02,George D. Weber,Todd Akin,105242.0,176452.0,36.59102208840228,61.34964205871002,Republican
MO,Missouri,03,MO03,Russ Carnahan,David Bertelsen,145219.0,70189.0,65.57702033886059,31.69547704201438,Democrat
MO,Missouri,04,MO04,Ike Skelton,James A. Noland,159303.0,69254.0,67.6374057955631,29.40409722959346,Democrat
MO,Missouri,05,MO05,Emanuel Cleaver II,Jacob Turk,136149.0,68456.0,64.24577314917492,32.302908186618474,Democrat
MO,Missouri,06,MO06,Sara Jo Shettles,Sam Graves,87477.0,150882.0,35.73479850487142,61.63606282808064,Republican
MO,Missouri,07,MO07,Jack Truman,Roy Blunt,72592.0,160942.0,30.10579662661795,66.74684704486921,Republican
MO,Missouri,08,MO08,Veronica J. Hambacker,Jo Ann Emerson,57557.0,156164.0,26.40362587103019,71.63847717086642,Republican
MO,Missouri,09,MO09,Duane N. Burghard,Kenny Hulshof,87145.0,149114.0,35.91075983533261,61.44697965558308,Republican
MT,Montana,01,MT01,Monica J. Lindeen,Denny Rehberg,158916.0,239124.0,39.12982456140351,58.879409048938136,Republican
NE,Nebraska,01,NE01,Maxine B. Moul,Jeff Fortenberry,86360.0,121015.0,41.64436407474382,58.35563592525618,Republican
NE,Nebraska,02,NE02,James D. Esch,Lee Terry,82504.0,99475.0,45.337099335637625,54.66290066436237,Republican
NE,Nebraska,03,NE03,Scott Kleeb,Adrian Smith,93046.0,113687.0,45.00781200872623,54.99218799127377,Republican
NV,Nevada,01,NV01,Shelley Berkley,Kenneth A. Wegner,85025.0,40917.0,64.84320185473292,31.20481376407065,Democrat
NV,Nevada,02,NV02,Jill Talbot Derby,Dean Heller,104593.0,117168.0,44.94293669754731,50.34633299530774,Republican
NV,Nevada,03,NV03,Tessa M. Hafen,Jon C. Porter,98261.0,102232.0,46.57382962285346,48.45600746993777,Republican
NH,New Hampshire,01,NH01,Carol Shea-Porter,Jeb E. Bradley,100691.0,95527.0,51.274334570749126,48.644698717263225,Democrat
NH,New Hampshire,02,NH02,Paul W. Hodes,Charles Bass,108743.0,94088.0,52.713144474822094,45.60913656370582,Democrat
NJ,New Jersey,01,NJ01,Robert E. Andrews,None,140110.0,0.0,100.0,0.0,Democrat
NJ,New Jersey,10,NJ10,Donald M. Payne,None,90264.0,0.0,100.0,0.0,Democrat
NJ,New Jersey,11,NJ11,Tom Wyka,Rodney P. Frelinghuysen,74414.0,126085.0,36.64432636861,62.08912153877216,Republican
NJ,New Jersey,12,NJ12,Rush Holt,Joseph S. Sinagra,125468.0,65509.0,65.69796362912813,34.30203637087189,Democrat
NJ,New Jersey,13,NJ13,Albio Sires,John J. Guarini,77238.0,19284.0,77.52484191508582,19.35561577838001,Democrat
NJ,New Jersey,02,NJ02,Viola Thomas-Hughes,Frank A. LoBiondo,64277.0,111245.0,35.59613009696909,61.60666323315225,Republican
NJ,New Jersey,03,NJ03,Richard J. Sexton,H. James Saxton,86113.0,122559.0,41.03530600283058,58.40286679596476,Republican
NJ,New Jersey,04,NJ04,Carol Elaine Gay,Christopher H. Smith,62905.0,124482.0,33.188245225282266,65.6758467869579,Republican
NJ,New Jersey,05,NJ05,Paul Aronsohn,Scott Garrett,89503.0,112142.0,43.82203464517582,54.90643452375124,Republican
NJ,New Jersey,06,NJ06,Frank Pallone Jr.,Leigh-Ann Bellew,98615.0,43539.0,68.59076460809749,30.28315469524876,Democrat
NJ,New Jersey,07,NJ07,Linda Stender,Michael Ferguson,95454.0,98399.0,47.94876302900917,49.42810498555821,Republican
NJ,New Jersey,08,NJ08,Bill Pascrell Jr.,Jose M. Sandoval,97568.0,39053.0,70.88688525781211,28.37349879031379,Democrat
NJ,New Jersey,09,NJ09,Steven R. Rothman,Vincent Micco,105853.0,40879.0,71.47641716465782,27.60322765792228,Democrat
NM,New Mexico,01,NM01,Patricia A. Madrid,Heather A. Wilson,105125.0,105986.0,49.796078840041496,50.20392115995851,Republican
NM,New Mexico,02,NM02,Albert D. Kissling,Stevan Pearce,63119.0,92620.0,40.493603808204064,59.419787777307306,Republican
NM,New Mexico,03,NM03,Tom Udall,Ronald M. Dolin,144880.0,49219.0,74.64232170181197,25.357678298188038,Democrat
NY,New York,01,NY01,Timothy H. Bishop,Italo A. Zanzi,92546.0,54044.0,51.669058080653,30.17313092851999,Democrat
NY,New York,10,NY10,Edolphus Towns,Jonathan H. Anderson,72171.0,4666.0,70.0485295544987,4.528778025817723,Democrat
NY,New York,11,NY11,Yvette D. Clarke,Stephen Finger,75520.0,6776.0,66.35504164762942,5.953677995290478,Democrat
NY,New York,12,NY12,Nydia M. Velazquez,Allan E. Romaguera,55674.0,6143.0,66.00668674270268,7.283095819600219,Democrat
NY,New York,13,NY13,Stephen A. Harrison,Vito J. Fossella,42229.0,49818.0,36.38831203522589,42.927678348312384,Republican
NY,New York,14,NY14,Carolyn B. Maloney,Danniel Maio,107095.0,21969.0,69.5950819778663,14.27643079482464,Democrat
NY,New York,15,NY15,Charles B. Rangel,Edward M. Daniels,93857.0,6592.0,72.65092229214561,5.102601614688558,Democrat
NY,New York,16,NY16,José E. Serrano,Ali Mohamed,53179.0,2045.0,72.48848177530601,2.7875466862953573,Democrat
NY,New York,17,NY17,Eliot Engel,James Faulkner,88714.0,22608.0,62.49445246733119,15.92617378746786,Democrat
NY,New York,18,NY18,Nita Lowey,Richard A. Hoffman,119041.0,45472.0,59.73764634446213,22.81894687187928,Democrat
NY,New York,19,NY19,John Hall,Sue W. Kelly,100119.0,79545.0,47.79155190437776,37.97060494245576,Democrat
NY,New York,02,NY02,Steve Israel,John W. Bugler,94100.0,37671.0,57.52220503823607,23.027831944690657,Democrat
NY,New York,20,NY20,Kirsten E. Gillibrand,John E. Sweeney,116416.0,94093.0,46.51040147662215,37.591939305076686,Democrat
NY,New York,21,NY21,Michael R. McNulty,Warren Redlich,139997.0,46752.0,60.36695269716701,20.159544650942177,Democrat
NY,New York,22,NY22,Maurice D. Hinchey,None,104423.0,0.0,53.37371259168392,0.0,Democrat
NY,New York,23,NY23,Robert J. Johnson,John M. McHugh,58859.0,89482.0,31.825309282809933,48.38329440262999,Republican
NY,New York,24,NY24,Michael A. Arcuri,Raymond A. Meier,96093.0,83228.0,44.70169562486917,38.717000441932406,Democrat
NY,New York,25,NY25,Daniel B. Maffei,James T. Walsh,100605.0,91187.0,44.25874682703433,40.11552454566651,Democrat
NY,New York,26,NY26,Jack Davis,Thomas M. Reynolds,85145.0,94157.0,38.01727063278027,42.0411316104374,Republican
NY,New York,27,NY27,Brian Higgins,Michael J. McHale,116935.0,36614.0,66.19924026698219,20.727917074744823,Democrat
NY,New York,28,NY28,Louise McIntosh Slaughter,John E. Donnelly,98382.0,33361.0,59.065229790172005,20.02881757872302,Democrat
NY,New York,29,NY29,Eric J. Massa,John R. Kuhl,94609.0,91383.0,43.64286373281668,42.15471907002491,Democrat
NY,New York,03,NY03,David L. Mejias,Peter King,76169.0,86918.0,39.48237343133646,45.05414189374815,Republican
NY,New York,04,NY04,Carolyn McCarthy,Martin W. Blessinger,93041.0,48121.0,54.52473042662916,28.200304735114862,Democrat
NY,New York,05,NY05,Gary L. Ackerman,None,70033.0,0.0,59.0861153998667,0.0,Democrat
NY,New York,06,NY06,Gregory W. Meeks,None,69405.0,0.0,70.02825143779638,0.0,Democrat
NY,New York,07,NY07,Joseph Crowley,Kevin Brawley,60266.0,10402.0,60.69694833316548,10.47638231443247,Democrat
NY,New York,08,NY08,Jerry Nadler,Eleanor Friedman,96115.0,17413.0,67.43587224966322,12.217248540637629,Democrat
NY,New York,09,NY09,Anthony Weiner,None,67040.0,0.0,62.037885307644615,0.0,Democrat
NC,North Carolina,01,NC01,G.K. Butterfield,None,82510.0,0.0,100.0,0.0,Democrat
NC,North Carolina,10,NC10,Richard C. Carsner,Patrick McHenry,58214.0,94179.0,38.19991731903696,61.80008268096303,Republican
NC,North Carolina,11,NC11,Joseph Heath Shuler,Charles H. Taylor,124972.0,107342.0,53.79443339617931,46.20556660382069,Democrat
NC,North Carolina,12,NC12,Melvin Luther Watt,Ada M. Fisher,71345.0,35127.0,67.00822751521527,32.99177248478473,Democrat
NC,North Carolina,13,NC13,Ralph Bradley Miller,Vernon L. Robinson,98540.0,56120.0,63.713953187637394,36.286046812362606,Democrat
NC,North Carolina,02,NC02,Bob R. Etheridge,Danny Eugene Mansell,85993.0,43271.0,66.52509592771383,33.47490407228617,Democrat
NC,North Carolina,03,NC03,Craig P. Weber,Walter B. Jones,45458.0,99519.0,31.3553184298199,68.6446815701801,Republican
NC,North Carolina,04,NC04,David E. Price,Steve D. Acuff,127340.0,68599.0,64.98961411459689,35.01038588540311,Democrat
NC,North Carolina,05,NC05,Roger D. Sharpe,Virginia Foxx,72061.0,96138.0,42.8427041777894,57.1572958222106,Republican
NC,North Carolina,06,NC06,Rory Blake,Howard Coble,44661.0,108433.0,29.17227324388937,70.82772675611062,Republican
NC,North Carolina,07,NC07,Mike McIntyre,Shirley Davis,101787.0,38033.0,72.79859819768274,27.201401802317264,Democrat
NC,North Carolina,08,NC08,Lawrence Webb Kissell,Robert C. Hayes,60597.0,60926.0,49.864634678209065,50.135365321790935,Republican
NC,North Carolina,09,NC09,Bill Glass,Sue W. Myrick,53437.0,106206.0,33.47281121001234,66.52718878998766,Republican
ND,North Dakota,01,ND01,Earl Pomeroy,Matt Mechtel,142934.0,74687.0,65.68024225603227,34.31975774396772,Democrat
OH,Ohio,01,OH01,John Cranley,Steve Chabot,96584.0,105680.0,47.751453545860855,52.248546454139145,Republican
OH,Ohio,10,OH10,Dennis J. Kucinich,Michael D. Dovilla,138393.0,69996.0,66.41089500885363,33.58910499114637,Democrat
OH,Ohio,11,OH11,Stephanie Tubbs Jones,Lindsey N. String,146799.0,29125.0,83.44455560355608,16.555444396443917,Democrat
OH,Ohio,12,OH12,Robert Shamansky,Patrick J. Tiberi,108746.0,145943.0,42.69756448060183,57.302435519398166,Republican
OH,Ohio,13,OH13,Betty Sutton,L. Craig Foltin,135639.0,85922.0,61.21970924485808,38.78029075514193,Democrat
OH,Ohio,14,OH14,Lewis R. Katz,Steven C. LaTourette,97753.0,144069.0,39.0509024376603,57.55347112918561,Republican
OH,Ohio,15,OH15,Mary Jo Kilroy,Deborah D. Pryce,109659.0,110714.0,49.71686607697434,50.19517878921144,Republican
OH,Ohio,16,OH16,Thomas Shaw,Ralph S. Regula,97955.0,137167.0,41.66135027772816,58.33864972227184,Republican
OH,Ohio,17,OH17,Tim Ryan,Donald Manning,170369.0,41925.0,80.25144375253187,19.748556247468134,Democrat
OH,Ohio,18,OH18,Zachary T. Space,Joy Padgett,129646.0,79259.0,62.05978794188746,37.940212058112536,Democrat
OH,Ohio,02,OH02,Victoria Wells Wulsin,Jean Schmidt,117595.0,120112.0,49.39285369265082,50.450056913403415,Republican
OH,Ohio,03,OH03,Richard Chema,Mike Turner,90650.0,127978.0,41.46312457690689,58.53687542309311,Republican
OH,Ohio,04,OH04,Richard E. Siferd,Jim Jordan,86678.0,129958.0,40.01089384959101,59.98910615040898,Republican
OH,Ohio,05,OH05,Robin R. Weirauch,Paul E. Gillmor,98544.0,129813.0,43.15348336157858,56.84651663842142,Republican
OH,Ohio,06,OH06,Charles A. Wilson,Charles R. Blasdel,135628.0,82848.0,62.07912997308629,37.92087002691371,Democrat
OH,Ohio,07,OH07,William Russell Conner,David Lee Hobson,89579.0,137899.0,39.37919271314149,60.62080728685852,Republican
OH,Ohio,08,OH08,Morton W. Meier,John A. Boehner,77640.0,136863.0,36.19529796786059,63.80470203213942,Republican
OH,Ohio,09,OH09,Marcy Kaptur,Bradley S. Leavitt,153880.0,55119.0,73.62714654137102,26.372853458628988,Democrat
OK,Oklahoma,01,OK01,Alan Gentges,John A. Sullivan,56724.0,116920.0,30.87373250820502,63.63720479619439,Republican
OK,Oklahoma,02,OK02,David Daniel Boren,Patrick K. Miller,122347.0,45861.0,72.73554171026349,27.26445828973652,Democrat
OK,Oklahoma,03,OK03,Sue Barton,Frank D. Lucas,61749.0,128042.0,32.53526247293075,67.46473752706925,Republican
OK,Oklahoma,04,OK04,Hal Spake,Tom Cole,64775.0,118266.0,35.3882463491786,64.6117536508214,Republican
OK,Oklahoma,05,OK05,David Hunter,Mary Fallin,67293.0,108936.0,37.29693778578357,60.37744215047803,Republican
OR,Oregon,01,OR01,David Wu,Derrick Kitts,169409.0,90904.0,62.83087376264247,33.71472441558153,Democrat
OR,Oregon,02,OR02,Carol J. Voisin,Greg Walden,82484.0,181529.0,30.356360799208005,66.80762110857172,Republican
OR,Oregon,03,OR03,Earl Blumenauer,Bruce Broussard,186380.0,59529.0,73.49079294980481,23.4726548637672,Democrat
OR,Oregon,04,OR04,Peter A. DeFazio,Jim Feldkamp,180607.0,109105.0,62.22592026019487,37.59078568376952,Democrat
OR,Oregon,05,OR05,Darlene Hooley,Mike Erickson,146973.0,116424.0,53.987745836302594,42.76614970944114,Democrat
PA,Pennsylvania,01,PA01,Robert A. Brady,None,137987.0,0.0,99.99130428481364,0.0,Democrat
PA,Pennsylvania,10,PA10,Christopher P. Carney,Donald L. Sherwood,110115.0,97862.0,52.89590869132884,47.00993884893814,Democrat
PA,Pennsylvania,11,PA11,Paul E. Kanjorski,Joseph F. Leonardi,134340.0,51033.0,72.45446651529288,27.52396002437801,Democrat
PA,Pennsylvania,12,PA12,John P. Murtha,Diana Irey Vaughan,123472.0,79612.0,60.77484581346013,39.18626915333993,Democrat
PA,Pennsylvania,13,PA13,Allyson Y. Schwartz,Raj Peter Bhakta,147368.0,75492.0,66.12581889975769,33.8741811002423,Democrat
PA,Pennsylvania,14,PA14,Mike Doyle,None,161075.0,0.0,89.78489529043874,0.0,Democrat
PA,Pennsylvania,15,PA15,Charles Dertinger,Charles W. Dent,86186.0,106153.0,43.49028374198301,53.56582380041681,Republican
PA,Pennsylvania,16,PA16,Lois K. Herr,Joseph R. Pitts,80915.0,115741.0,39.53456556684208,56.5503324880661,Republican
PA,Pennsylvania,17,PA17,Thomas Timothy Holden,Matthew A. Wertz,137253.0,75455.0,64.50556216132382,35.46200952170582,Democrat
PA,Pennsylvania,18,PA18,Chad Kluko,Tim Murphy,105419.0,144632.0,42.12715792838875,57.79731457800511,Republican
PA,Pennsylvania,19,PA19,Philip J. Avillo,Todd Russell Platts,74625.0,142512.0,33.47943902592217,63.93597071306159,Republican
PA,Pennsylvania,02,PA02,Chaka Fattah,Michael M. Gessner,165867.0,17291.0,88.5648991099032,9.2325518066242,Democrat
PA,Pennsylvania,03,PA03,Steven C. Porter,Philip English,85110.0,108525.0,42.02589399460789,53.58782922999437,Republican
PA,Pennsylvania,04,PA04,Jason Altmire,Melissa A. Hart,131847.0,122049.0,51.89110687804034,48.03490184348483,Democrat
PA,Pennsylvania,05,PA05,Donald L. Hilliard,John E. Peterson,76456.0,115126.0,39.8775342022772,60.04683743030454,Republican
PA,Pennsylvania,06,PA06,Lois Murphy,Jim Gerlach,117892.0,121047.0,49.33978965342619,50.660210346573805,Republican
PA,Pennsylvania,07,PA07,Joe Sestak,W. Curtis Weldon,147898.0,114426.0,56.35626481324828,43.6018198861428,Democrat
PA,Pennsylvania,08,PA08,Patrick J. Murphy,Michael G. Fitzpatrick,125656.0,124138.0,50.299219028328736,49.69157423233807,Democrat
PA,Pennsylvania,09,PA09,Tony Barr,Bill Shuster,79610.0,121069.0,39.64246588985161,60.28732197988248,Republican
RI,Rhode Island,01,RI01,Patrick Joseph Kennedy,Jonathan P. Scott,124634.0,41836.0,69.20112823701862,23.228801137120776,Democrat
RI,Rhode Island,02,RI02,Jim Langevin,None,140315.0,0.0,72.68550175089617,0.0,Democrat
SC,South Carolina,01,SC01,Randy Maatta,Henry E. Brown,73218.0,115766.0,37.86321913380737,59.86606334841629,Republican
SC,South Carolina,02,SC02,Michael Ray Ellisor,Joe Wilson,76090.0,127811.0,37.28951443749632,62.63648481759552,Republican
SC,South Carolina,03,SC03,Lee Ballenger,J. Gresham Barrett,66039.0,111882.0,37.103063127851314,62.85929388498101,Republican
SC,South Carolina,04,SC04,William Griff Griffith,Bob Inglis,57490.0,115553.0,31.95113682467168,64.22072905724973,Republican
SC,South Carolina,05,SC05,John M. Spratt,Ralph W. Norman,99669.0,75422.0,56.90363908332097,43.06039256882514,Democrat
SC,South Carolina,06,SC06,"James E. ""Jim"" Clyburn",Gary McLeod,100213.0,53181.0,64.3603971587479,34.15475318870179,Democrat
SD,South Dakota,01,SD01,Stephanie Herseth Sandlin,Bruce W. Whalen,230468.0,97864.0,69.09300220049046,29.339073395650583,Democrat
TN,Tennessee,01,TN01,Rick Trent,David Davis,65538.0,108336.0,36.96905425377091,61.11079773011879,Republican
TN,Tennessee,02,TN02,John Greene,John J. Duncan Jr.,45025.0,157095.0,22.276370472986347,77.72362952701366,Republican
TN,Tennessee,03,TN03,Brent Benedict,Zach Wamp,68324.0,130791.0,34.313838736408606,65.68616126359139,Republican
TN,Tennessee,04,TN04,Lincoln Davis,Kenneth W. Martin,123666.0,62449.0,66.44601456088978,33.55398543911023,Democrat
TN,Tennessee,05,TN05,Jim Cooper,Thomas F. Kovach,122919.0,49702.0,69.00057257693301,27.900214435674915,Democrat
TN,Tennessee,06,TN06,Bart Gordon,David R. Davis,129069.0,60392.0,67.09065391412828,31.39203659424056,Democrat
TN,Tennessee,07,TN07,Bill Morrison,Marsha Blackburn,73369.0,152288.0,31.819049188575,66.04505121822172,Republican
TN,Tennessee,08,TN08,John Tanner,John Farmer,129610.0,47492.0,73.18133568218262,26.81527655441877,Democrat
TN,Tennessee,09,TN09,Steve Cohen,Mark White,103341.0,31002.0,59.87797387968896,17.96321833752448,Democrat
TX,Texas,01,TX01,Roger L. Owen,Louie Gohmert,46303.0,104099.0,30.24955902528255,68.00744757300582,Republican
TX,Texas,10,TX10,George T. Ankrum,Michael T. McCaul,71415.0,97726.0,40.40338321405335,55.288959293937936,Republican
TX,Texas,11,TX11,None,Mike Conaway,0.0,107268.0,0.0,100.0,Republican
TX,Texas,12,TX12,John R. Morris,Kay Granger,45676.0,98371.0,31.0858542893116,66.94865076394323,Republican
TX,Texas,13,TX13,Roger James Waun,Mac Thornberry,33460.0,108107.0,23.01301273762689,74.3534897796363,Republican
TX,Texas,14,TX14,Shane Reese Sklar,Ron Paul,62429.0,94380.0,39.81212813040067,60.18787186959932,Republican
TX,Texas,15,TX15,Rubén Hinojosa,Paul B. Haring,43236.0,16601.0,61.77718719190707,23.72011945075514,Democrat
TX,Texas,16,TX16,Silvestre Reyes,None,61116.0,0.0,78.6685202347853,0.0,Democrat
TX,Texas,17,TX17,Thomas Edwards,Van Taylor,92478.0,64142.0,58.116940247857016,40.30944420703351,Democrat
TX,Texas,18,TX18,Sheila Jackson Lee,Ahmad R. Hassan,65936.0,16448.0,76.62432743373115,19.114246202833204,Democrat
TX,Texas,19,TX19,Robert Carlton Ricketts,Randy Neugebauer,41676.0,94785.0,29.767083074417705,67.70018641925046,Republican
TX,Texas,02,TX02,Gary E. Binderim,Ted Poe,45080.0,90490.0,32.6986544808327,65.63667355746564,Republican
TX,Texas,20,TX20,Charles A. Gonzalez,None,68348.0,0.0,87.35126845165824,0.0,Democrat
TX,Texas,21,TX21,John K. Courage,Lamar Smith,49957.0,122486.0,24.514922809669155,60.10638819915399,Republican
TX,Texas,22,TX22,Nicholas V. Lampson,Shelley Sekula Gibbs,76775.0,76924.0,51.79136394606007,62.074530753215726,Republican
TX,Texas,23,TX23,Ciro D. Rodriguez,Henry Bonilla,38256.0,32217.0,54.28461964156486,45.71538035843515,Democrat
TX,Texas,24,TX24,Gary Robert Page,Kenny Marchant,52075.0,83835.0,37.15979962608287,59.82317429961894,Republican
TX,Texas,25,TX25,Lloyd Doggett,Grant Rostig,109911.0,42975.0,67.25511552770706,26.29662717838261,Democrat
TX,Texas,26,TX26,Timothy R. Barnwell,Michael C. Burgess,58271.0,94219.0,37.23791082737422,60.21037428985896,Republican
TX,Texas,27,TX27,Solomon P. Ortiz,William R. Vaden,62058.0,42538.0,56.77040452275097,38.91358837843277,Democrat
TX,Texas,28,TX28,Frank Enriquez,None,15798.0,0.0,20.317664458877243,0.0,Democrat
TX,Texas,29,TX29,Gene Green,Leslie Story,37174.0,12347.0,73.53907022749753,24.42532146389713,Democrat
TX,Texas,03,TX03,Dan Dodd,Sam Johnson,49529.0,88690.0,34.90883204939351,62.51013173011185,Republican
TX,Texas,30,TX30,Eddie Bernice Johnson,Wilson C. Aurbach,81348.0,17850.0,80.18689377809322,17.595221197066476,Democrat
TX,Texas,31,TX31,Mary Beth Harrell,John Carter,60293.0,90869.0,38.80282913832273,58.48065747218164,Republican
TX,Texas,32,TX32,Will Pryor,Peter Sessions,52269.0,71461.0,41.26977860594385,56.42311214982787,Republican
TX,Texas,04,TX04,Glenn Melancon,Ralph M. Hall,55278.0,106495.0,33.44728896526269,64.43737179991408,Republican
TX,Texas,05,TX05,Charles E. Thompson,Jeb Hensarling,50983.0,88478.0,35.58972998631782,61.763884622902296,Republican
TX,Texas,06,TX06,David T. Harris,Joe Barton,56369.0,91927.0,37.0760872424952,60.46396905995949,Republican
TX,Texas,07,TX07,James B. Henley,John Abney Culberson,64514.0,99318.0,38.450397830556966,59.19361087105523,Republican
TX,Texas,08,TX08,James Wellington Wright,Kevin Brady,51393.0,105665.0,32.72230640909727,67.27769359090271,Republican
TX,Texas,09,TX09,Al Green,None,60253.0,0.0,100.0,0.0,Democrat
UT,Utah,01,UT01,Steve Olsen,Rob Bishop,57922.0,112546.0,32.45402691708596,63.06016562636575,Republican
UT,Utah,02,UT02,Jim Matheson,LaVar Christensen,133231.0,84234.0,58.99928260811805,37.30172085484771,Democrat
UT,Utah,03,UT03,Christian Burridge,Chris Cannon,53330.0,95455.0,32.243437042769564,57.71230607383403,Republican
VT,Vermont,01,VT01,Peter Welch,Martha Rainville,139815.0,117023.0,53.21703980572916,44.54184207120726,Democrat
VA,Virginia,01,VA01,Shawn M. O'Donnell,Jo Ann S. Davis,81083.0,143889.0,35.479622288149685,62.961747486150855,Republican
VA,Virginia,10,VA10,Judy M. Feder,Frank R. Wolf,98769.0,138213.0,40.96021299360522,57.31792281470054,Republican
VA,Virginia,11,VA11,Andrew L. Hurst,Thomas M. Davis,102511.0,130468.0,43.56978918735124,55.45222713362802,Republican
VA,Virginia,02,VA02,Philip J. Kellam,Thelma D. Drake,83901.0,88777.0,48.45315577013034,51.26906484791435,Republican
VA,Virginia,03,VA03,"Robert C. ""Bobby"" Scott",None,133546.0,0.0,96.08040634847548,0.0,Democrat
VA,Virginia,04,VA04,None,J. Randy Forbes,0.0,150967.0,0.0,76.11525663002924,Republican
VA,Virginia,05,VA05,Albert C. Weed,Virgil H. Goode,84682.0,125370.0,39.9294602483037,59.11476383800376,Republican
VA,Virginia,06,VA06,None,Bob Goodlatte,0.0,153187.0,0.0,75.09350719380376,Republican
VA,Virginia,07,VA07,James M. Nachman,Eric Cantor,88206.0,163706.0,34.40211858953108,63.84864097473839,Republican
VA,Virginia,08,VA08,James P. Moran,Tom M. O'Donoghue,144700.0,66639.0,66.40386583390314,30.581114134799385,Democrat
VA,Virginia,09,VA09,Frederick C. Boucher,Charles W. Carrico,129705.0,61574.0,67.76114724551367,32.1678029412533,Democrat
WA,Washington,01,WA01,Jay Robert Inslee,Larry W. Ishmael,163832.0,78105.0,67.71680230803887,32.28319769196113,Democrat
WA,Washington,02,WA02,Rick Larsen,Douglas R. Roulstone,157064.0,87730.0,64.16170330972164,35.838296690278355,Democrat
WA,Washington,03,WA03,Brian N. Baird,Michael Messmore,147065.0,85915.0,63.12344407245257,36.87655592754743,Democrat
WA,Washington,04,WA04,Richard Wright,Doc Hastings,77054.0,115246.0,40.06968278731149,59.93031721268851,Republican
WA,Washington,05,WA05,Peter J. Goldmark,Cathy McMorris Rodgers,104357.0,134967.0,43.60490381240494,56.39509618759506,Republican
WA,Washington,06,WA06,Norman DeValois Dicks,Doug R. Cloud,158202.0,65883.0,70.59910301894371,29.40089698105629,Democrat
WA,Washington,07,WA07,Jim McDermott,Steve Beren,195462.0,38715.0,79.41316280222482,15.72930082516363,Democrat
WA,Washington,08,WA08,Darcy Burner,David G. Reichert,122021.0,129362.0,48.539877398232974,51.46012260176703,Republican
WA,Washington,09,WA09,Adam Smith,Steven C. Cofchin,119038.0,62082.0,65.72327738515901,34.276722614840985,Democrat
WV,West Virginia,01,WV01,Alan Bowlby Mollohan,Christopher Wakim,100939.0,55963.0,64.29235668789809,35.6452229299363,Democrat
WV,West Virginia,02,WV02,Mike Callaghan,Shelley Moore Capito,70470.0,94110.0,42.818082391542106,57.18191760845789,Republican
WV,West Virginia,03,WV03,Nick J. Rahall II,Kim Wolfe,92413.0,40820.0,69.36194486350979,30.638055136490213,Democrat
WI,Wisconsin,01,WI01,Jeffrey Chapman Thomas,Paul Ryan,95761.0,161320.0,37.17487849190205,62.62519604341682,Republican
WI,Wisconsin,02,WI02,Tammy Baldwin,Dave R. Magnum,191414.0,113015.0,62.82295331617917,37.09204169511106,Democrat
WI,Wisconsin,03,WI03,Ron Kind,Paul R. Nelson,163322.0,88523.0,64.78795019179886,35.11605120454446,Democrat
WI,Wisconsin,04,WI04,Gwen Moore,Perfecto Rivera,136735.0,54486.0,71.31197129476067,28.41630941577745,Democrat
WI,Wisconsin,05,WI05,Bryan Kennedy,Jim Sensenbrenner,112451.0,194669.0,35.67834253442477,61.76438860333777,Republican
WI,Wisconsin,06,WI06,None,Thomas E. Petri,0.0,201367.0,0.0,98.92413427197296,Republican
WI,Wisconsin,07,WI07,David R. Obey,Nick Reid,161903.0,91069.0,62.16804644661864,34.96897415024498,Democrat
WI,Wisconsin,08,WI08,Steven L. Kagen,John G. Gard,141570.0,135622.0,50.89974293059127,48.76121307997915,Democrat
WY,Wyoming,01,WY01,Gary Trauner,Barbara L. Cubin,92324.0,93336.0,47.74498497690944,48.26833670340128,Republican
